Tuesday,1,4,2008
Saturday,13,12,2008
Friday,30,10,2009
Monday,14,12,2009
Monday,18,1,2010
Tuesday,27,4,2010
Saturday,8,5,2010
Friday,9,7,2010
Wednesday,18,8,2010
Sunday,17,10,2010
Monday,3,1,2011
Monday,11,4,2011
Saturday,7,5,2011
Monday,23,5,2011
Friday,24,6,2011
Thursday,21,7,2011
Thursday,1,9,2011
Monday,31,10,2011
Monday,20,2,2012
Sunday,20,5,2012
Friday,17,8,2012
Tuesday,16,10,2012
Monday,11,2,2013
Thursday,21,3,2013
Thursday,18,4,2013
Thursday,20,6,2013
Saturday,6,7,2013
Wednesday,21,8,2013
Thursday,9,1,2014
Thursday,16,1,2014
Thursday,3,4,2014
Sunday,11,5,2014
Wednesday,4,6,2014
Thursday,7,8,2014
Sunday,10,8,2014
Monday,11,8,2014
Friday,22,8,2014
Sunday,9,11,2014
Wednesday,31,12,2014
Thursday,1,1,2015
Saturday,14,3,2015
Wednesday,13,5,2015
Monday,1,6,2015
Thursday,6,8,2015
Thursday,20,8,2015
Friday,28,8,2015
Monday,31,8,2015
Tuesday,1,9,2015
Friday,11,9,2015
Friday,18,9,2015
Tuesday,22,9,2015
Wednesday,14,10,2015
Tuesday,3,11,2015
Wednesday,4,11,2015
Saturday,14,11,2015
Sunday,15,11,2015
Saturday,28,11,2015
Monday,14,12,2015
Tuesday,12,1,2016
Saturday,13,2,2016
Sunday,3,4,2016
Wednesday,27,4,2016
Thursday,28,4,2016
Friday,27,5,2016
Wednesday,1,6,2016
Sunday,19,6,2016
Tuesday,5,7,2016
Wednesday,6,7,2016
Monday,18,7,2016
Tuesday,9,8,2016
Tuesday,23,8,2016
Wednesday,21,9,2016
Sunday,25,9,2016
Thursday,13,10,2016
Sunday,27,11,2016
Thursday,8,12,2016
Sunday,18,12,2016
Tuesday,27,12,2016
Tuesday,3,1,2017
Thursday,12,1,2017
Friday,13,1,2017
Thursday,19,1,2017
Saturday,28,1,2017
Thursday,2,3,2017
Tuesday,7,3,2017
Thursday,9,3,2017
Wednesday,15,3,2017
Thursday,23,3,2017
Monday,17,4,2017
Monday,24,4,2017
Thursday,8,6,2017
Thursday,29,6,2017
Thursday,7,9,2017
Saturday,16,9,2017
Friday,22,9,2017
Thursday,5,10,2017
Tuesday,24,10,2017
Thursday,26,10,2017
