0,31,46,really work great tweaking really work great need know things ive using mine years first paid dollars less mine price jumped theyre imported try find either cheaper one one thats extremely well made one made well enough youre careful thing cut dont let kid use 34because looks like fun34 need pineapple thats big enough cant tell many times went walmart grocery store pineapples small diameter big enough better waste inside huskbr br im finished using pineapple corer cut husk pineapple get rest pineapple cut save core pineapple go iced tea pitcher drink pitcher thats hawaii hawaii never threw away core always used something sometimes even grilled although ive never tried know honey kind teriyaki people also left chunks pineapple husk grilled meat side grill eat chunks grilled pineapple use husks like little bowl dont grill husk part also keep husk whole like bowl take center core fill full fruit salad use drink container dessert containerbr br someone told like make pineapple greek yogurt fill freeze short time ive never tried ive made pineapple cheesecake thats delicious know tricky working pineapple sometimes know youve ever tried make jello put pineapple yikes bromelain pineapple keeps gelatin setting great antiinflammatory helps digestive tract tummy feel better enzyme interferes jello setting upbr br washing extra carful wash separate use tooth picks get pineapple gets stuck little crevices always put parts back box make sure everything dry thats make sure pineapple big enough get pineapple work clean corer protect hands thats thank readingsame enzyme interferes jello setting upbr br washing extra carful wash separate use tooth picks get pineapple gets stuck little crevices always put parts back box make sure everything dry thats make sure pineapple big enough get pineapple work clean corer protect hands thats thank reading,0,8
1,75,46,favorite winter warm love dress absolute favorite winter heavy material stretchy shows shape well 5ft 7 120 lbs ordered 28 fits fine tight loose confortable live nd keeps warm winter cold get hot got winter perfect order anothwr different colorbr 0,1,10
2,40,46,great socks money nice socks great colors enough support wearing good pair sneakers,0,10
3,21,46,slick hat bought husband wow slick hat high quality craftsmanship said sits comfortable gets compliments constantly highly recommend hat,0,10
4,39,46,would perfect dress customer service awesome,0,10
5,49,46,five stars excellent 6 feet skinny 15 years old boy,0,10
6,55,46,love raw way go absolutely love wallet continue buy forever ever,0,10
7,38,46,three stars bit large,0,8
8,44,46,five stars great fit,0,10
9,6,46,favorite shirt bit long heavy hem inhibits turning cut bottom two inches around somewhat comfortable overall material bit heavy liking,0,6
10,43,46,jockey womens underwear true size jockey womens underwear true size choice underwear purchase past,0,10
11,20,46,five stars cup size right seems little tight around might new,0,10
12,51,46,five stars perfect,0,10
13,77,46,best ever4 menwoman size men 42448 best ever4 menwoman size men 42448 4042 7 3840 6 guy waist size hold man place nylon 100 best ever 30yrs love sleep black gym slakes blue jeans chnage clothes gym ask kind underwears reply hey6262 get pair vanity fair,0,10
14,80,46,five stars great fit,0,10
15,26,46,five stars columbia 5 colors wear time,0,10
16,66,46,four stars husband found comfy second order,0,8
17,76,46,awesome leggings awesome leggings 54 215lbs huge chunk weight thighs butt exaggerating 30 inch thighs 52 inch butt 37 inch waist leggings buttery soft see even sunlight purchased glyph idc black white color one speaking im impressed ordering asap,6,10
18,34,46,sizes correct big overall way long ordered size ordered last time shirts much larger previous order also 6 inches longer like sent mens shirts instead boys shirts ill returning,0,4
19,42,46,one star exact sizing,0,2
20,18,46,warm pajamas love pajamas prepared warm definitely meant cold winter weather besides beautiful,0,10
21,79,46,three stars like way fit feel day wish werent expensive,0,6
22,36,46,pretty colorthese glamorise bras amazingthey hold day pretty colorthese glamorise bras amazingthey hold day long complaint think bottom band rolls sit downbut universal bra issue think,0,10
23,50,46,summer jeans excellent one levis,0,10
24,41,46,five stars love sweat shirt,0,10
25,35,46,nice sweatshirt neck bit saggy nice sweatshirt,0,8
26,56,46,quick arrival colors great fits expected,0,8
27,67,46,five stars thank much beautiful,0,10
28,33,46,arrived quickly looks image comfortable second tank ordered wear often wash well receive many compliments,0,10
29,73,46,expensive cinch sak buy jacket amazon simply worst jacket ever bought bought jacket teenage daughter color color person even worse thick fluffy like looks literally thin mailed rei mailer size manila envelope thought must mistake unfortunately mistakebr really wanted buy daughter nice jacket one would last several years saved money thinking north face good reputation embarrassing talk product see great unveiling thin uninsulated little cinch sakbr save time money buying returning see person determined buy style brand wallet thank,3,2
30,45,46,great gift keep mind never seen product ordered dad birthday gift called say thank much loves color able mix suites make statement called tell really like set though modern feel look almost make feel like gift ive gotten actually likes either way great gift,0,10
31,25,46,five stars great fit love print probably order,3,10
32,68,46,five stars awesome fit hot style love,0,10
33,64,46,excellent rfid wallet received rfid blocking leather wallet first thing noticed pebbled texture soft love flip window makes showing identification quick convenientdont worry leaving id behind also navy blue stripe patterns inside billfold section nice touch 8 credit card slots pack plastic slim design nothing bulky course rfid protection built wallet best feature nice worry scanning devices wireless identity theft,0,10
34,64,46,roomy soft touch love wallet first thing noticed soft flexible wallets tend bit stiff even completely empty one flexible enough comfortable keep pocket wallets leather soft pebbled texture itbr br wallet also nice look lining inside black white striped thought bit interesting grew pretty quickly edges wallet arent rough seams well donebr br wallet plenty room hold everything need put also really like two spots cash papers back like able keep cash separate anything else isnt possible wallets rfid blocking great additional feature really appreciatebr br love wallet also great wallet giftingbr br received item discount exchange honest review,1,10
35,47,46,loves im size 34b size b fit perfectly comfortable feels like wearing practically nothing wore club dress forgot even wearing bra give tatas enough cleavage also simple clean worn probably buy future,0,10
36,5,46,five stars fine,0,10
37,57,46,really nice socksgood quality super nice comfortable socksi got colors loved itbr thanks great service,0,10
38,84,46,cute dress please advised cute dress cute dress please advised cute dress runs small size would definitely need order couple sizes even three sizes larger normal im 5 34334 much shorter expected also sheer would definitely wear slip would definitely cute dress wear could fit,0,4
39,74,46,nice solid fit great running yoga pilates classes love tank fits 12 size smaller suggest ordering size great quality tank top,0,10
40,53,46,pants great one thing pants great one thingit wasnt right color apparently grey means khaki thats none businessbr seriousness fit great would loved gotten right color,0,4
41,62,46,dress looks great dress looks great wrap front hides tummy bulge eat suck stomach wear girdle wish came colors,0,10
42,27,46,five stars high quality shirt quick shipping,1,10
43,87,46,disappointed product piece doesnt look anything like picture dont waste money something end regretting return company horse,1,2
44,23,46,wrong place puerto rican flag,0,2
45,72,46,quality good amazing quality goodproduct arrived time described buy seller,0,10
46,46,46,shirt arrived fine soon opened shirt arrived fine soon opened could tell would dress shirti 5334it hits mid thigh shirt large fault seller since ordered little large size lot larger expected everything else great though love feel shirt soft wanted different color black gives excuse get another shirt,0,10
47,4,46,five stars love love love shirt fits good comfy,2,10
48,9,46,reasonable prices thanks clear jewelry drawer loving item,1,10
49,60,46,comfy usually wear around comfy usually wear around house dont think pull long enough awesome soft flowy comfy id buy different colors thought could pull outside house,1,10
50,61,46,super comfortable cute cute stretchy got patten shown default worn numerous times super comfortable cute stretchy foldover waist allows adjustments length fit well hips,3,10
51,78,46,one star dress top cheap fabric linen nothing see photo,0,2
52,69,46,love perfect fit comfortable item shipped fast love,3,10
53,29,46,five stars great detail cheap,0,10
54,63,46,dress cute top runs small dress cute top runs small bottom longim going cut top make skirt,0,4
55,24,46,cute henley shirt purchased winter white like like henley style neckline comfy cute never go wrong blair clothing,0,10
56,3,46,great curvy body great fit curvy build sexy quality fabric love,0,10
57,7,46,excellent warmer heat settings great excellent warmer heat settings great size warmer perfect portable im happy,1,10
58,13,46,far tell seems produce good sound son wanted learn play got learning loves guitar light enough fromhim far tell seems produce good sound,0,10
59,2,46,one star eastern washington universitys mascot eagle bulldog whoops,0,2
60,89,46,five stars best,0,10
61,14,46,satisfied beautiful organizer fixed wall bathroom looks good put nail polish different body lotions hair products mandy room different things shipping fast love,0,10
62,1,46,five stars love clever design,0,10
63,30,46,love denim wash love denim wash ive using past year jeans still look new longer issues fading like normal detergents little goes long way stuff lasted nearly year,0,10
64,58,46,material thin see cheap material fit properly extremely see worth price,0,2
65,37,46,two stars thats right house picture kraken house greyjoy,0,4
66,70,46,great staple fall winter super soft stretchygreat fall winter thank,7,10
67,84,46,absolutely love dress absolutely love dress perfect bought size larger knowing reviews ran small im normally medium bought large fit perfect say enough,1,8
68,86,46,two stars like picture looks cheap,0,4
69,85,46,comfortable wearing comfortable wearingcheap price nice fabric,4,10
70,16,46,disappointed shadows beautiful wifes review productbr got amazon little skeptical hopeful buy lot makeup eyeshadow tends weaknes wanted large range colors hoping would really pigmented disappointed shadows beautiful really easy blend super vibrant like much super high end brands,1,10
71,83,46,quality seems pretty good cant wear quality seems pretty good cant wear usually wear l size 10 xl way small mebr br received item discounted price exchange honest unbiased review,0,4
72,83,46,must tiny waist wear runs small need tiny waist wear style adorable buttons front fully lined ordered large per size chart normally wear 8 4 inches small waist orange white colors pretty style cut length great sizing way offbr received product discount exchange unbiased review opinions ownbr also ordered cotton heather grey skirt xl normally wear 8 xl perfect back zipper works well thick waist pleats make fit well look cute two pockets falls knee cute comfortable,0,8
73,82,46,small sadly didnt get wear small big top straps small butt sucks really wanted try feel fabric felt like made correctly cheaplybr br bought discount honest review,2,6
74,82,46,come suspenders really looking forward skirt looked nice suspenders picture however mine come suspenders skirt also runs small able comfortably wear size issue suspenders nice skirt stretchy polyester feel buttons front sewn securely theyre going fall br br received discount exchange honest unbiased review,3,6
75,22,46,pretty summer top color nicer expected really didnt expect much workmanship lucky top received great ink run material light enough wash sink cool water let drip dry little big supposed swingy happy purchase,0,10
76,81,46,bought wife fit bought wife fit little baggy likes lot,0,8
77,32,46,like shirt like shirt light weight cling much skin thing like boxy pictured works may work everyone,0,8
78,32,46,comfortable shirts received one shirt one nice tee shirt material extremely soft lightweight cute little decorative pocket front seems well made fits really good comfortable wear love material clingy shirt bit longer got grey tiffany color turquoise pretty colors look like pictures also got long sleeve grey one lace back fits really good little heavier weight material tee shirts lace back dresses littlebr disclaimer received item discount honest review,0,10
79,32,46,versatile every wardrobe 95 cotton 5 spandex make form fitting tank top adjustable removeable straps great tank every wardrobe worn tops dresses without straps snug fitting strapless kinda machine wash gentle tumble dry low ordered xl per size chart normally wear size 8 36c bra top tight fitting comfortablebr received product discount exchange unbiased review opinions,0,10
80,32,46,5 stars 5 stars purchased product discounted price exchange honest review,0,10
81,32,46,fits little odd across chest like style cute cute top fits little odd across chest like style cute nice material cheap,0,8
82,32,46,great quality like colors vibrant great quality like colors vibrant pictured fits smaller expected usually wear ml xl fits perfectly mebr br received item discounted price exchange honest unbiased review,0,8
83,28,46,five stars deez nuts trump hillarybr deez nuts rule land,3,10
84,19,46,shame racist protest nypd ashamed,2,2
85,71,46,actually comfortable breathable shipping unbelievably fast ordered wear con atlanta worried going hot wear expecting fabric thick stiff actually comfortable breathable mix cotton linen much like shirts wear florida heat dont expect worry heat exhaustion even though long sleeved update con well performs fit bit looser expected thats actually good thing case 4834 chest ordered xlarge according size chart expecting shirt come bit small overweight gut definitely exceeds chest size shirt actually little loose sleeves long thats normal order larger sizes overweight arm length increases well problem resew button cuff make cuff size smaller make cuff stop touches top hand instead hanging hand almost forgot shipped amazingly fast expecting take nearly week without prime shipping worried might arrive convention next week amazingly arrived time amazon prime items ordered along,0,10
86,65,46,one star design stolen olipop dont buy,0,2
87,88,46,great hoop easy mount install exactly ecpected great hoop easy mount install well made,0,10
88,48,46,five stars dress amazing love comfy sexy,0,10
89,54,46,five stars beautiful dress must get another color,1,10
90,17,46,rates makes easy access ever hat wanting bought help organize kids play hats dress lot costume trunk really full rates makes easy access ever hat wanting well made easily put together,3,10
91,52,46,5star nice dress coat,0,10
92,59,46,nice shirt exactly shown looks fits good white insert instead white piping shown,0,8
93,15,46,lovely especially nice family bike ride great speed lovely especially nice family bike ride great speed safe childrens ride family trips hiking trips rides lovely,0,10
94,90,46,nice dress price purchased dress wear wedding 5234 150 lbs curvy hourglass shape style dress accentuates good areas minimizing focus bad areas however since bit short side dress falls bit longer would wanted past knees purchased purple,7,8
95,10,46,five stars must buy use everyday helps keep dirty clothes clean clothes organized also easy move h would like fold moving,0,10
96,12,46,much say love thing perfect anyone much say love thing perfect anyone lot clothes less storage knows im talking must buy,0,10
97,8,46,five stars really great u muscles work specifically athletes works great little spasms u tend get helps increase speed love,0,10
98,11,46,fun comfortable different fun comfortable perfect back,1,10
99,11,46,thanks much really love chair comfortable easy put away,0,10
100,180,47,five stars love excellent sun block,0,10
101,95,47,thank alba bontanica great thing cream doesnt smell weird like chemical laden ones get nice healthy unfake looking tan isnt orange makes skin soft,0,10
102,129,47,five stars great product im 65 years old claims,0,10
103,120,47,good deal use shower caps conditioning caps like theyre bulk saves lot money,0,10
104,104,47,soaks quick provides nice base makeup goto daily sunblock leaves white cast clean pleasant scent youre makeup wearer soaks quick provides nice base makeup ive using brand year daily use tube last couple months,0,10
105,156,47,four stars good,0,8
106,114,47,good buy great eyeliner run little bit corners times overall keep eyes day long,0,10
107,103,47,five stars best makeup remover,0,10
108,107,47,tame wild mustache great product im latest stab major beard always seem start growing hottest months mustache going particularly awkward phase growth wax really helps keep place way look neater actually eat drink without collecting big mess youre going get favor get good mustache comb,0,10
109,151,47,like nothing thought would darken lashes even though clear like nothing sadly threw away,0,2
110,93,47,good product great small mixtures eos especially traveling gave 4 stars orifice reducer hole small hard get oil needs slightly bigger,1,8
111,186,47,optimum oral health got nice size compact looking forward gum massaging wore last model,0,10
112,169,47,love cream wish discovered years ago leaves curles super defined soft still need put gel spray last though super recommend,1,8
113,173,47,works much better store bought lotion bought make lotion mixed shea butter coconut oil together works much better store bought lotion want get raw cocoa butter mix next batch,0,10
114,131,47,five stars tint awesome seller dont even send one sample,0,10
115,184,47,great product fast delivery im love unique fits decor beautifully couldnt ask better seller received product date promised,1,10
116,142,47,smell cheap given product exchange review say wow love perfume great scent notes little heavy really like overall get headaches easily doesnt seem smell cheap wonderful fragrance lot money love give try,3,10
117,147,47,five stars magical everybody noticed skin change right away,0,10
118,172,47,love razortrimmer works fantastic razor leaves legs really smooth unlike disposable razors ive used razor runs acrossed skin smoothly dont feel like anything trimmer trimmer trims meant skin shave gets close enough run razor boom smooth,0,10
119,161,47,five stars excellent battery tooth brush,0,10
120,179,47,works okay styling aid doesnt give straight hair fun beachy look tresemme product creating beachy looking hair whether curly straight hair straight hair without real body beachy look isnt good look unlike younger years loosely permed hair hair would look great beach even swimming ocean half day tried twisting hair styling per instructions straight hair didnt look good hair ended looking stringy sloppy unstyled fair dont think spray product could give awesome beachy look due straight hair typebr br spray tresemme damp hair blow dry usual round brush adds little lift volume texture straight hair one product add routine doesnt substitute hair gel product still need finish zero weight gel shaping hair separation taming flyaway hairs tresemme may work great curly wavy hair straight hair doesnt create attractive beachy look work okay styling aid one product add routine live without okay,0,6
121,144,47,5 stars skin feels soft smooth since using,0,10
122,181,47,even dentist didnt know dry mouth lozenges solve problem night dont take anyones opinion including mine invest one box find truth,0,8
123,155,47,great shave ditch plastic great shave,0,10
124,106,47,great sensitive eye cream perfect lightweight eye cream sensitive well extra bonus know sensitive eye area going continue using eye cream,0,10
125,121,47,fun item love different tip sizes,0,10
126,133,47,two stars expected,0,4
127,94,47,great lashes great bargain love lashes another great dupe red cherry lashes,0,10
128,123,47,great product great value great product great value gone first bottle best benzoyl peroxide product ever used pump bottle nice feature,0,10
129,167,47,use get another one sonicare brushes use get another one sonicare brushes model would die 3 months found brush cheaper one using one works well havent die many months ive well worth money,0,10
130,125,47,theyre okay powder puffs pretty much okay wish fluffier bigger,0,8
131,102,47,better pedi first ill say im skeptical ive tried tons products promising new skin heels fancy youll never want wear shoes nothing worked heels probably typical women go gym wear sandals summer wear 34cute34 shoes kill us use pedi egg various 34sanders34 beauty brands time shower though simple things like homemade foot scrubs sanding lotion help nothing mean nothing worked like product weeks weeks researching humming hawing went sale bought heres tip success soak feet take nice long bath used bubbles made nice tea brought ipad watched 40 minutes tv pass time hate baths part hardest dried feet little still prune toed bath slipped pregel booties put pair husbands socks help keep place left mine 90 mins suggested blogger rinsed feet sheen smelled nice watched foot peel day 2 soaked feet foot bath 30 mins nothing exciting feet felt relaxed hot water day 3 whoa big toe previously callused peeled little couldnt help pick tiny bit reveal new skin felt like giant mound dead skin day 4 sides feet started peel along heels tiny bit continued soak daily 2045 mins also wearing socks sneakers week ive also sent texts multiple friends disgusted day 5 magic starts happen peelingeven around toenails thought nothing bad happening apparently dry dead skin resided right im day 8 majority peeling taking daily foot soaksbaths using washcloth rub dead skin foot bath today peeled little hand couldnt help much peeling happening theres bits lay bed rubbing sandpaper feeling feet together images silk feet pop head feel nice cracks calluses gone ill probably shed another day two done ill buy product recommend expensive pedicure woman dare try ive even done pedi razor cut skin heels worth felt pain feet look amazing theres really nothing besides trying hide feet molting youre diabetic allergic reactions fruit acids alcohol recommended 34help peeling34 along could hurt warnings package comes happy shedding everyonea washcloth rub dead skin foot bath today peeled little hand couldnt help much peeling happening theres bits lay bed rubbing sandpaper feeling feet together images silk feet pop head feel nice cracks calluses gone ill probably shed another day two done ill buy product recommend expensive pedicure woman dare try ive even done pedi razor cut skin heels worth felt pain feet look amazing theres really nothing besides trying hide feet molting youre diabetic allergic reactions fruit acids alcohol recommended 34help peeling34 along could hurt warnings package comes happy shedding everyone,18,10
132,166,47,great product advertised works much better manual toothbrush,0,10
133,138,47,temple overwelmed nice amount insence strong smell lasts long time use week nice find amazon,0,8
134,136,47,love lasted forever heats supper love lasted forever heats supper fat reat u hurry couldnt figure turn beginning hold 10 button,1,10
135,174,47,five stars gift friends loved,0,10
136,171,47,refreshing item arrived time described usually stay away rose scented products like way rosewater smells overwhelming use refresher face hot humid days,0,10
137,116,47,five stars good,0,10
138,108,47,five stars always,0,10
139,126,47,wonderful product got package 8 days ordering honestly think thats good timing everything advertise correct see photos im pleased come shape fact little longer nail arnt thick would issue arnt thin snap either kinda middle didnt file much little top due bit rough edges also used 100 acetone get worked perfectly highly recommend product seller looking types fake nails,4,10
140,109,47,fantastic products received clogged pores natural cleansing kit ten days ago since using daily wash moisturize facebr first let strt presentation kit came cute package box really liked pretty ws definitely looks like good gift friend love containers products renin box soap opens like flower holds bar place lotion secure glass jar feels like high quality durable products look nice counterbr br soap smells wonderful really like washing face leave dry sticky like cleansers cut soap four squares control much use betterbr br moisturizer fvorige part feels wonderful skin little enough cover whole face though sometimes two layers enjoy feeling really nice feels wonderfulbr br effectiveness products using em 10 days face feel little cleaner smoother softer dramatic change using short time expect greater results time update review accordingly thank aya natiral,1,10
141,130,47,five stars absolutely love fragrancebr always get compliments wearing,0,10
142,143,47,pleased bright apply make pleased,0,10
143,118,47,meets need temporarily n good product,0,10
144,188,47,good product ships quickly 2nd bottle good product ships quickly,0,8
145,145,47,wonderful eyeliners pencils use excellent eyeliners 34pencilstyle34 eyeliners use normally trouble pencils hard actually show well even skilled applying pencil liner notbr br really shimmer little trying put large bits glitter next eye either lighter colors ie gold dont show super well pale skin especially also wearing shimmery eyeshadow keep mind gold would look awesome darker skin without shadow make work without shadow pale skin wellbr br last day one following conditionsbr br 1 dont oily eyelidsbr 2 use setting powder finishing powder like translucent one elfbr 3 wear primer powder eyeshadowbr br oily eyelids dont 2 3 migrate trust done thatbr br wear contact lenses somewhat sensitive eyes give trouble great come easily enough makeup remover wipe dont need special remover get offbr br please note definitely shop around get best deal manufacturer good deals especially holiday shopping season,1,10
146,113,47,heats fast curls last however please heats fast curls last however please advised clips hold rollers place leave marks hair,0,8
147,139,47,three stars ive used long results yet honest review discount,0,6
148,91,47,good good,0,10
149,140,47,three stars help feel makes worse still bags eyes,0,6
150,111,47,satisfied nice hair gel pleasing scent holds medium longish hair day ive noticed dont use much gels keep hair doesnt become cementlike holds hair even im work sweating day also washes easier gels end day easier clean also would recommend friend,1,10
151,149,47,good buy color great comparable better nars liquid lipstick daredevil thats say dupe consistency finish different noticeable thing finish patchy wouldnt say deal breaker especially brickandmortar store bought 399 sight unseen tester matte dries somewhat quickly ends quite thick color chic although little different photo id say less mutedless burgundy good buy highest quality patchinessbr br edit writing review color backstage see colors kind mashed one listingbr br color stunner another one thing say think 34too purple34 go ahead spend five bucks probably purple purple enough,0,8
152,124,47,three stars nice iwll buy,0,6
153,178,47,great product husband happy product,0,10
154,157,47,five stars nice iwll buy,0,10
155,101,47,face kids said burned eyes,0,4
156,164,47,say works wonderfully skin either standalone foundation although packaging could improved end much powder dispenser applying say works wonderfully skin either standalone foundation multiple layering top layer liquid foundation happy found product,0,8
157,105,47,one star burned arms gave someone else would buy,0,2
158,132,47,bad quality frames nice looking glasses arms glasses two pieces connected together opened glasses noticed one arms connected slid apart putting glasses contacted amazon return glasses order replacement pair replacement pair arrived saturday guess exact problem pair returned horrible quality,0,2
159,187,47,smudge proof amazing great mascara big tube triangular top downside mascara fact smudge proof waterproof blonde eyelashes full long wear black mascara tend look like falsies want mascara going stay put make look even fuller mascara perfect smaller wand making easier apply 1 coat needed dark full looking set eyelashes love itbr br sample provided,1,8
160,168,47,extremely disappointed size products ordered extremely disappointed size products ordered appeared much much larger photos reality products actually small inconvenient use intended purpose,0,2
161,170,47,love hair looks use tool works faster old smaller three barrel iron love hair looks use tool modern waves,0,10
162,188,47,using 6 days using 6 days im sure given product fair chance need write ive used least 3 weeks,0,6
163,128,47,feel like cannot live without using cream years feel like cannot live without,4,10
164,153,47,five stars amazing id like receive offer one pack buy,0,10
165,177,47,four stars magnification great putting eye makeup use travel great idea,0,8
166,185,47,save money months really hasnt noticeable difference,1,6
167,110,47,really ewxpected like mens facial products clubman favorite mine got facial product really knowing sooths irritation found product nothing special first put overcome alcohol smell dissipate past though imagine ispropyl alcohol gel form remaining scent smells like floral clubman like overpowering though disappears fast product dissipate quickly maybe absorb skin left sticky tacky feeling skin putting moisturizer balm cant imaging leaving facial skin alone putting stuff onbr use purchasing,0,6
168,134,47,ball roll pretty well trouble simply due 2ml tiny ball roll pretty well trouble simply due size constraints,0,8
169,97,47,smells nice much product price smells nice much product price seems contain good amount tea tree oil feel using thin works great using demodex overpopulation keeps bay,0,8
170,175,47,since substituted product serum extremely happy use night wasnt sure product working clear skin month stopped using week picking back turns product really seem work biggest concerns breakouts wrinkles sun spots using prescription retinol product deal issues since substituted product serum extremely happy use night moisturizer would highly recommend,0,10
171,127,47,high quality sleeping mask contours face live streetlight lit area even blackout curtains trouble falling asleep one thing ive noticed really helps sleeping masks said ive tried quite havent found one completely blocked light comfortable wear mask different possibly one best ive ever worn bed purchased homemade one etsy still favorite like owl print one half price good quality im rating 5 starsbr br first thing noticed sleeping mask thickness light going get mask seems little bulky first especially youre used thin silk masks commonly sold said get used wearing something like youll notice significant difference amount light gets truly create blacked environment really nicebr br mask fit head perfectly pretty average head size think fairly say mask adjusted fit anyone mask adjusted little sliding adjusters clasp back secures mask around head company boasts clasp wont snag hair snaggly fine hair far hasnt gotten tangled hair although sometimes accidently clasp strands hair clip pulls roll around put hair low pony tail avoid problembr br one thing really love mask contoured fit around bridge nose sleeping masks dont adequate fit around nose small gaps light get case mask fits snug around curves face literally light gets something etsy eye mask feature really appreciated specific mask jewish nose big nose fits well itbr br overall really like mask clasp sometimes clips onto hair thats fault careful great product quality sewn made good materials pretty leafy design got emerald forest print fits well face id definitely recommend mask anyone looking sleep aid itd make great gift comes pretty boxk feature really appreciated specific mask jewish nose big nose fits well itbr br overall really like mask clasp sometimes clips onto hair thats fault careful great product quality sewn made good materials pretty leafy design got emerald forest print fits well face id definitely recommend mask anyone looking sleep aid itd make great gift comes pretty box,0,10
172,99,47,love add tea tree oil hair products love add tea tree oil hair products help scalps smells amazing tea tree many great benefits wonderful dealing skin bacteria dropper makes easy get perfect amount every time,0,10
173,96,47,favorite makeup remover pads favorite makeup remover pads however opened first jar pads bit dried sure older stored properly still get job done use several pads instead two local drugstore stocks get,0,6
174,115,47,like fresh breath feel using crest pro health like fresh breath feel using crest pro health advanced mouthwashbr trust review part shopper army,0,10
175,160,47,good razor good price good razor good price,0,8
176,150,47,god may things looked god may things looked n line wil using sorts home remedy34sbr received review,0,10
177,146,47,color like pics wash nicely exactly described tight fit color like pics wash nicely,0,10
178,122,47,wouldnt write home like doves men line good great scent fine subtle good job lathering nothing notable wouldnt recommend soap brands also wont decry theres good enough okay,0,6
179,141,47,great price fast described great price fast shipping,0,10
180,148,47,four stars little darker wanted coverage great,0,8
181,159,47,five stars true long lasting results,0,10
182,152,47,good colors though fan one much id much prefer naked palette good colors though alright price,0,6
183,100,47,happy never smoked always 34puckered34 lips went put lipstick day saw pleasant surprise lips smooth unwrinkled happy,2,10
184,162,47,five stars love colorlike muted pink perfect,0,10
185,135,47,five stars best lotion ever used,0,10
186,165,47,five stars excelente,0,10
187,112,47,five stars compact easy use traveling,0,10
188,158,47,dont really like often makes neck hurt worse dont really like often makes neck hurt worse maybe fat hard,0,2
189,117,47,great scent reasonable price son loves hard find shelves stores great scent reasonable price,0,10
190,183,47,heathy lovely smelling frizz free hair hallelujah love thick great smelling shampoo conditioner hair highlighted regularly gets keratin treatments living humid south product keeps hair smooth healthy ps little goes long way,5,10
191,176,47,five stars nice oil enjoy brand,0,10
192,92,47,high quality tweezerman like impressed tools high quality 34tweezerman34 like impressed,0,6
193,182,47,5 star great productdoes jobreasonably priced good product good price product difficult find store shelves wife uses swimming pool important available get cholrine getting quantity makes life simple product excellent job recommend,1,10
194,137,47,five stars great product,0,10
195,154,47,junk going use shaving junk worth four bucks,1,2
196,119,47,deva light defining gel shout lightly curled hair used every product imaginable hair need volume holding quality deva light good hair job well tested animals use deva products find fairly priced excellent curly hair nothing said amazon always time helpful people phone great service,0,10
197,115,47,like mouthwash like mouthwash great taste seems work feel like mouth cleaner taste pretty good slight taste sure describe first tasted little like bubble gum changes back mint burn real plus hate mouthwash burnsbr trust review part shopper army,0,10
198,98,47,five stars great product,0,10
199,163,47,love use straight use dry aging skin care love use straight bottle also add serum make moisturizes conditions skin feels looks fabulous cant say enough price great,0,10
200,269,20,side effect take combination bystolic 5 mg fish oil,27,9
201,223,6,son halfway fourth week intuniv became concerned began last week started taking highest dose two days could hardly get bed cranky slept nearly 8 hours drive home school vacation unusual called doctor monday morning said stick days see school getting morning last two days problem free much agreeable ever less emotional good thing less cranky remembering things overall behavior better tried many different medications far effective,192,8
202,236,4,used take another oral contraceptive 21 pill cycle happy light periods max 5 days side effects contained hormone gestodene available us switched lybrel ingredients similar pills ended started lybrel immediately first day period instructions said period lasted two weeks taking second pack two weeks third pack things got even worse third period lasted two weeks it039s end third week still daily brown dischargethe positive side didn039t side effects idea period free tempting alas,17,5
203,247,53,first time using form birth control i039m glad went patch 8 months first decreased libido subsided downside made periods longer 56 days exact used periods 34 days max also made cramps intense first two days period never cramps using birth control happy patch,10,8
204,198,75,suboxone completely turned life around feel healthier i039m excelling job always money pocket savings account none suboxone spent years abusing oxycontin paycheck already spent time got started resorting scheming stealing fund addiction history you039re ready stop there039s good chance suboxone put path great life found sideeffects minimal compared oxycontin i039m actually sleeping better slight constipation truly amazing cost pales comparison spent oxycontin,37,9
205,200,57,2nd day 5mg started work rock hard erections however experianced headache lower bowel preassure 3rd day erections would wake amp hurt legankles aches severe lower bowel preassure like need go 2 can039t enjoyed initial rockhard erections side effects 230 months supply i039m 50 amp work 3xs week worth side effects,43,2
206,232,85,pulled cummed bit took plan b 26 hours later took pregnancy test two weeks later i039m pregnant,5,1
207,192,41,abilify changed life hope zoloft clonidine first started abilify age 15 zoloft depression clondine manage complete rage moods control depressed hopeless one second mean irrational full rage next dr prescribed 2mg abilify point feel like cured though know i039m bipolar disorder constant battle know abilify works tried get lost complete control emotions went back golden 5mg 2x daily 21 better ever past side effect like eat lot,32,10
208,227,70,nothing problems keppera constant shaking arms amp legs amp pins amp needles feeling arms amp legs severe light headedness appetite amp etc,11,1
209,216,76,pill many years doctor changed rx chateal effective really help completely clearing acne takes 6 months though gain extra weight develop emotional health issues stopped taking bc started using natural method birth control started take bc hate acne came back age 28 really hope symptoms like depression weight gain begin affect older i039m also naturally moody may worsen things negative mental rut today also hope doesn039t push edge believe depressed hopefully it039ll like younger,1,8
210,263,40,medication almost two weeks started 25mg working way 100mg currently 50mg headaches far 23 crippling migraines week lost 52lbs far note really paying close attention eating lot weight lose weight loss side effect want help along much side effects word recall issues exist memory issues worst seems vision disturbances times driven i039m sure would safe good news seems wearing offi tons energy great mood,19,9
211,228,86,taken antidepressants years improvement mostly moderate severe side affects makes go themi take cymbalta mostly painwhen began deplin noticed major improvement overnight energy better disposition sinking low lows major depression taking 3 months feel like normal person first time ever best thing side effects,54,10
212,250,27,crohn039s resection 30 years ago mostly remission since recently bad flare narrowing anastomosis need medication haven039t found one handle asacol gave serious body aching fatigue could function pentasa immediately gave heart palpitations arrhythmias discontinue,8,4
213,205,93,little bit lingering cough cold giving much trouble except keeps night heard good took could get sleep helped tremendously cough bad stomach cramps diarrhea hadn039t eaten anything upset stomach didn039t really feel like quotbugquot looked side effects delsym wish done first probably wouldn039t taken worked cough still didn039t get sleep due stomach issues,1,4
214,243,34,started nexplanon 2 months ago minimal amount contraception039s take due inability take hormone used birth controls i039m trying give time one options right honestly options i039d get removedi039ve never acne problems life immediately broke getting implanted sex drive completely gone used sex boyfriend days week completely forced even fun anymore mean i039m birth control like sex don039t want get pregnant take birth control takes away sex unhappy hope get back time i039m getting removed,10,3
215,233,82,taking saxenda since july 2016 severe nausea month got 26 dosage since subsided side effect notice dry mouth make sure drink 25 litres water day 10 glasses helps weight loss well constipation reducing dose find comfortable spot still losing weight don039t feel like medicating 18 working well also feel wearing fitbit really helped track food water exercise steps keeps moving started could barely walk length without getting winded lost 58 lbs far,20,9
216,268,95,drug worked well cleared uti matter 48hrs although 7 day course 2x200mgdaily unfortunately tablets finished infection returned needed 2nd course i039m currently taking low dose evening keep infection bay specialists tests normally get every side effect going dread taking new medication form especially horrific experience ciorofloxacin side effect experienced itchy ankles feet day two didn039t last third day would class minor side effect insignificant good luck,0,9
217,191,87,i039ve taking amitriptyline since january 2013 diagnosed fibromyalgia tried cymbalta week dr decided since kept awake 247 wasn039t good fit even though relieved pain started 25 mg 2 weeks breakthrough pain dr increased dosage 50mg i039m still dosage today first full year never pain felt 039cured039 time went seems help control pain still pain low manageable level take around 7pm evening avoid feeling overly drowsy mornings med allows fairly normal life,39,9
218,229,38,i039ve every medicine sun seems manage hypomania mania bipolar2 within days starting lamictal tegretol someone turned light head way quotnormalquot people think one first things struck sleep like log irritability almost anger would considered normal able focus creative impulsive thoughts decreased enough manageable it039s god send would perennially state hypo mania sounds great physically emotionally exhausted libido markedly lower wonder perhaps effect hypo manic take 20 mg anxiety,18,10
219,244,48,tasigna 3 years 300mg x 2 times day tasigna worked within weeks remission basically entire 3 years side effects feel sick stomach tired severe leg arm pain can039t walk long without needing break went working full time working tired time hey remission alive really problem nope,11,10
220,194,8,spring 2008 hospitalized pnuemonia diagnosed lyme diease full blown aids cd4 count quot11quot viral load number high millions could never remember taking combivir kaletra dapsone 1st year stopped working started kaletra dapsone cd4 count 209 rising weeks aggressive broke dishes house lol take vitamin supplements drink boost pluz every day life good,11,8
221,265,61,insomnia it039s horrible story begins pcp prescribing prozac help intestinal issues desperate tried 3 weeks stopped insomnia prescribed ativan addicting rebound insomnia 14 days hardly sleep l tried doctor one time asked trazadone told good medication insomnia put 25 mgs stated may figure dosage best currently taking 100 mgs low range prescribed 400 mgs high end insomnia dry mouth nasel congestion live sleep yeah,43,10
222,218,36,nexplanon job worry free sex thing periods sometimes light sometimes heavy sometimes go away sometimes show unexpected also feel somewhat depressed sure nexplanon i039ve nexplanont 2 months despite side effects effective birth control i039ve ever used plan taking,11,9
223,215,94,live western australia disturbed comments cost embrel cost ordinary prescription 36 government pays remainder cost chemist also go medical centre every saturday morning dr looks prescription advises nurse administer injection also cost part nurses duties unsure country people made comments referring cost nobody administer injection lucky live australia best health system worldwide everybody given opportunity receive proper medical help whether rich poor discrimination,4,10
224,262,89,use cream comes turned hooha burning ring fire 1 work tomorrow it039s going sleepless night,7,1
225,196,58,prescribed one dose course one day took 4 pills 250mg light lunch nausea mild stomach painsupset lying alleviate discomfort threw 3 hours later called doctor check needed take another dose said body would absorbed pills still experiencing mild stomach pains nausea mostly gone,7,7
226,212,32,i039m writing second review vaniqa started using february year twice day although daystimes forget want say delighted found totally completely changed life terrible male pattern hair growth cheeks chin upper lower lip starting grow neck used pluck 2 hrs time every 3rd day never hair free wouldn039t kiss anyone hello goodbye even plucked stubble could felt skin 3 months im scared caught bright sunlight pluck around fortnight takes around 10 mins hairs coming soft downy life transformed,99,10
227,204,80,hi son 12 diagnosed 2nd grade tried everything medication tried meds first one made loose weight fast second gave nasty tic thankfully went away soon stopped med third worked couple years around january last year started problems doctor recommended daytrana wonderful son easy use handles day takes gets home school patch effects last long enough homework issues weight gain sleep uses melatonin bed feels like able shut shortage killing us,11,10
228,193,43,honestly taking ativan 2 years 1mg twice daily help used tool panic attacks solution tried many antidepressants well cymbalta cipralex couple best thing talk close friends family even psychiatrist talking people venting honestly best thing even though takes lot power would love hear people opinion,47,6
229,224,22,first suffered included splitting head pain nausea vomiting started using excedrin helped took right away started work well anymore one really bad one lasted hours still throwing 9 pm throwing blood went er finally got put iv hydrate added imitrex bag soon started feeling side effects head felt like going pass breathing became labored felt like someone sitting chest said meant working two minutes everything gone got pills take home worked okay fast,6,8
230,196,9,good response useful,1,10
231,256,13,1 week zoloft anxiety mood swings take 50mg mornings breakfast nausea day one subsided week went get jitters 2 hrs taking followed yawning feel much better though less angrystressed,3,8
232,264,23,30 years old multiple composite spinal injuries 15 years ago aches pains unbearable started taking antiinflammatories 2 years ago started getting injections every month toradol quotdepoquot something almost pain meds mean still bad days function,16,10
233,262,49,burning control 20 minutes inserting sat bath trying get stuff awful,2,1
234,271,67,taking viberzi month ibsd can039t happier zero side effects thank making normal,15,8
235,238,42,reduced pain 80 lets live normal life,82,10
236,210,60,much pain last 2 years suffered brain tumour lot pain point morphine everyday year brain surgerybut pain pill came pretty close serious pain point blacking hot cold shivers sat pain feeling like trapped windindigestion it039s ahhhh don039t take,10,1
237,240,7,morphine least 7 yearsit medicine seems manage pain without would bed 90 time life,19,8
238,241,92,taken least 56 times last 10 years major problems since first time causing major fatigue last time took 3 year039s ago severe cramps enough time get bathroom went hospital doctor said didn039t work good enough go home second round went back next day process energy last night even worse times gagging night severe cramps tried second dose morning started throwing called office said stop doctor done said didn039t evacuate enough,0,2
239,267,14,similar experience tremors hands really noticeable someone watching unless looking relief delusions experiencing problem going 16 years anticipate magically disappear didn039t clarity thinking experience medicine really helps,45,9
240,219,90,prone yeast infections believe it039s due birth control well unprotected sex fluconazole always cleared yeast infections 2 doses side effects,9,8
241,203,54,finishing second week taking contrave lost 10 lbs interesting experience drug definitely appetite suppressant yet help control urge eat mild side effects stomach discomfort slight headaches along constipation easily manageable considering taking medication please keep mind still need work exercising eating right medication really help helped get motivation back exercise definitely helps cravings eat making easy eat need healthy use coupon give drops cost 70,9,8
242,202,1,medication changed life panic attacks control barely able leave house within 2 days moderate changed new person 15 years ago dosage never changed,30,9
243,237,33,taking medicine due lower back trouble first took worked great put sleep,55,5
244,270,62,gp started venlafaxine yesterday help depression changea hour taking feeling sick couldnt stomach food fluids thought keep told come side effects would get bettertook another one last night ill couldnt stand sick sweating shaking thought going pass get sleep hopeing feel better morningtook another one felt spaced dry mouth shaking sick booked see gp make sure feeling like find put wrong dose 375mg put 150mg right dose hope better,3,4
245,231,51,initial testing vl 6 million received meds saturday 2 days prior testing establish baseline started received pills 2 days 5 hours later got blood test establish vl taken 3 pills point vl 700 vl 4 weeks 0 vl 8 weeks 0 12 weeks 0 2 weeks til 1st eot test feel cured side effects next nothing,0,10
246,231,39,side effects light fatigue bit headache find easier take hour dinner way better triplethreat approach blood work indicate beggining stages cirrhosis also hep b 1994 far it039s like miracle fatigue nothing you039ve suffered jaundice 039sickie039 symptoms hep c cause it039s business usual,94,9
247,260,10,helps sadness strongly counters moderate urges drink stressful confusing time life,22,8
248,261,79,24 year old male uk normally would go every hour even drinking small amounts water drinksi took medication two weeks noticed right away would go less often toilet much easier dispense urine unfortunately stop taking medications side effects outweighed benefits found would incredibly intense mood swings aggression feel clumsy dizzy time blurry vision memory problems mind blanks runny nose weakness tirednessi trying betmiga lets see,10,4
249,207,68,battled nasty uti month amp went 3 different antibiotics till doctor finally gave one makes terribly sick stomach end completely worth felt completely back normal 2 days,44,7
250,209,97,hey guys it039s 4 months since last post wanted give months see going work trulicity six months metformin hit five month period diarrhea gas sulphur belching finally subsided longer side effects however still haven039t lost weight think first started trulicity taking glimepiride one side effect weight gain think two meds fighting lol back metformin trulicity week see diagnosed stage 3 chronic kidney disease ckd 3 watching diet closely,24,10
251,226,16,intuniv work son bouncing walls taking major issues class seems work opposite,23,1
252,197,15,pain management doctor put butrans patches 6 weeks ago 5 mg dose first box four lifesaver agony work able sleep two weekends two years i039m hoping bump ten mg dose soon cut norco chronic pain many years many medicines including oxycontin patch best far,125,8
253,255,56,got heart palpitations really bad like almost constant taking 40 mcg one puff twice day switched flovemt well,16,1
254,246,84,mother died lung cancer last hope medication within couple months gone,6,1
255,192,73,abilify 20 mgi patient diagnosed disorganized schizophrenia depression schizoaffective disorder bipolar experienced sensitivity emotions well react feelings really don039t feel normal quotsexual frustrationquotand wouldn039t say increaseddecreased feel less anxious medication seemingly ease take medication hard step people telling actually better pill half life ago didn039t quotmental illnessquot suddenly become someone else weight fluxuate drug feel due stress factors outside regular environment feel place good surroundings support much better person much happier life routine feel like referred enlongated periods sleep depression events surrounding certain time frames hence thoughts reactionsabilify aripiprazole instant reaction drug concern wellbeing nervous one people taking drug till stars fade every day last doctors seem say thing quotthis medication working youquot blood tests go hospital freqently finding anything charts everything always normal vitals thought consider medication works showing side effects accepting feel hold patience value care around help better mentally virtue feel type person curbside answers things wonder deeply guess don039t know people would agree ask women taken abilify pregnancy wondering reaction question 30 year old female diagnosed mental illness starting 2004 started take abilify 20 mg 2004 present overall since medication threatening feel embrace,26,10
256,254,74,i039ve utis 7 years recent one lasted 24 days far went doctor prescribed pyridium twice day hopeful unfortunately didn039t work burning urinating still i039ve three days far also discomfort hours day may work well others body doesn039t accept nothing going doctor useless go straight urologist,8,1
257,230,19,great experience far latuda started taking 40 mg nov worked great week crashed dr put 80 mg i039ve great ever since i039m afraid though sex drive completely disappeared it039s latuda i039m going go itand hate go something that039s working well however i039m also pretty high dose lexapro dr thinks it039s likely side effect we039re decreasing hopefully work otherwise i039m feeling really good i039m really afraid i039ll go,39,8
258,199,37,love mouth sores ulcers like wellbutrin gave completely quit smokingthis works,15,10
259,225,45,never depo suppose b ideal candidate first 6 months ok bit moody fine weight gain something changed constantly bleeding getting horrible hormone spots normally clear skin mood swings increasing 14 months decided taken ordeal b tricky doc remove 3 anesthetics stitches later it039s simply worth hassle,1,2
260,211,78,med 5 years worked fine great stopped panic attacks gave relief every day nervousness experiencing took months side effects diminish first started taking leave insomnia night sweats lack sex drive poor orgasms orgasms,23,6
261,208,12,put yasmin 6 months regulate cycle reduce acne flareups worst 6 months life gained 20lbs come easily stopping pill experienced horrible mood swings heavier periods acne breakouts breakthrough bleeding nauseous time pill seems agree people definitely agree went femcon year stopping yasmin experienced virtually side effects,8,3
262,197,44,love butrans patch relieved half pain know take less half pain killers patch change patch every saturday miss 24 hours pain starts reside heavy drinker would advise trying patch,47,10
263,225,17,8 months sad say it039s caused nothing self esteem become lower i039ve gained 10 lbs i039m 22 fast metabolism thought started slow didn039t make sense breasts got smaller lost complete sex drive breasts aren039t sensitive anymore like used i039m emotional even crying times thing say 100 effective worth done body started breaking body face well,2,1
264,245,25,birth control considering getting pregnant used types birth control pill patch etc decided get back birth control didn039t want worry taking daily pill requested nuvaring started nuvaring felt inside body lot cramps days later started experiencing cramps strong upper stomach pain bad missed work week finally ended going er couldn039t figure wrong finally asked doctor nuvaring side effects,9,5
265,253,41,took prepopik first colonoscopy i039m 25 found effective orange flavor tolerable bad cramps terrible side effects taken magnesium citrate night already cleaned somewhat issue ended dehydrated showed colonoscopy fever try drink much fluid prep drank plenty liquid coming going overall would recommend prepopik side note insurance didn039t cover office go available recommend asking office available insurance won039t cover pharmacy,6,9
266,266,54,hit three month point tretinoin 05 i039m happy really depressed skin first two months i039ve never bad acne cream made horrible acne knew worst part would fine i039ve inly two zits since i039m left scars fine try even you039re scared i039m glad it039s worth,13,10
267,211,26,medicine saved life wits end antidepressants ready give doctor finally prescribed many failed medications glad honestly know would without effexor xr side effects mild compared antidepressants tried drowsy first couple days tolerable highly recommend severe depression would also like mention people realize light end tunnel get better never give,166,10
268,222,72,caused gain 30 pounds,2,2
269,217,53,best treatment acne used i039ve gone accutane many face washes retinol creams forms birth control forms birth control make acne worse depending type progestin need least androgenic type possible sprintec worked best nearly clear skin takes 56 months fully work work,7,9
270,213,96,started taking zepatier three days ago sides effects till would like share feel slight pain back head that039s i039ll keep fingers crossed till finish 12 weeks update i039ve finish 3rd week treatment sides effects even blood test brilliant i039ll inform finish 8 weekupdateincredible 31st day virus undetectable start taking zepatier 4796191 viral load results negative side effects zepatier working well thank zepatier,8,10
271,201,65,took clomid first time last month husband tried year blocked fallopian tube use estrogen medicine also uterine lining thin doctor use hcg shot stimulate ovulation since clomid apparently mess ifwhen ovulation occurs took hcg shot 2 weeks ago noticed weird symptoms days ago took multiple pregnancy tests i039m pregnant clomid worked great far yay,74,10
272,206,55,52 year old womeni bloating lot poopingalls good,3,8
273,190,59,tummy tuck dec 18 surgery painful constipation opioids surgery bad plastic surgeon wasn039t familiar treating oic called primary care physician gave amitiza 24mcg took almost two days amazing thankful remain opioids three weeks amitiza worked well haven039t issues thank amitiza,35,10
274,218,64,experience nexplon great pregnancy yet issue causes much bleeding get periods every week 1 month 3 month ruins sex life,1,10
275,243,66,i039ve mine year noticed weight gain mood swings acne body adjusted quick lost weight issue i039ve every time boyfriend sex spot next day less week issues love recommend friends,1,6
276,257,52,awesome new boyfriend issues believe mental bad relationships past ordered prescribed told go broke said sooooo worth orgasm every time sometimes twice wow,14,10
277,235,98,always bleeding periods irsquove also gained 15 pounds skinny girl itrsquos noticeable acne hasnrsquot got worse better irsquom getting period experiencing depression donrsquot want around anyone donrsquot want eat irsquom gaining much weight irsquom stuck head lashing people irsquom normal self wish found pill rids acne doesnrsquot affect weight sex drive,5,2
278,231,50,hepc since early 70s cirrhosis last 20 yrs tried interferon riboviron stop treatments due side effects terrible got transplant list oct 2014 received new liver 19 dec 2014 really blessed hepc mission destroy new liver 4 weeks harvoni virus undetectable another blessing still treatments 8 weeks 0 side effects problem,36,10
279,256,88,reviews helped much first started zoloft 5 weeks ago wanted post experience several weeks increasingly worsening panic attacks work ended hospital year ago psych dr switched cymbalta mood stabilizer things good november stress work increased depending much bromazepam get day gp started 50 mg zoloft anxiety bad also tremors 4 weeks sure would quit working cut hours monday week 5 amazing still anxiety seem able handle it039s like confidence back good luck,28,10
280,248,69,66 yo caucasian male developed ms 2223 diagnosed 30 developed trigeminal neuralgia 32014 lasting 7 days started carbamazepin 72014 tn returned 82015 constant ever since microvascular decompression surgery 632016 pain ceased 19 days surgery returned severe surgery recovery painful left weak disoriented amp less mobile neurologist changed rx carbamazepine oxcarbazepine 300 mg twice daily 6 days ago deep facial lancinating pain remissed still burning electric jolting pain upper lip cheek also taking tramadol hcl 50mg daily seems help carbamazepine never worked oxcarbazepinetramadol combo seems effective,15,7
281,272,81,started taking slept well night awoke early around 5 start day happily come 8 drowsy needed take already two hrs nap awake resumemy day much difficulties st 2 pm needed nap gonna make work appointments went cold turkey felt much better crash try anti depressants including pristique suffered insomnia meds know need start confused resume welbutrin,15,4
282,245,31,pills years 2012 tried mirena cramps terrible side effects time taken last month gained around 10lbs stomach area nuvaring 2 weeks far it039s way better soon mirena removed weird stomach pains stopped i039m still trying lose extra weight,9,7
283,232,5,mirena put almost year ago insertion breeze next cramping periods remained heavy show signs stopping gained 30 pounds acne headaches backache wondering next doctor would take wanted remain year almost year finding new doctor getting taken,10,1
284,251,29,drinking extra 16oz bottles water period taking milk magnesia help stop painful hard stools constipation usually brings help ease release different amount time expect recommended dosage work it039s best taken empty stomach food 4 hours helps speed desired effect it039s several days since normally movements also take longer effects begin drink water much possibly diarrhea occurs cut back water take prescribed dose drinking lots water along sufficient fiber diet become much easier fighting constant constipation,120,9
285,242,83,take medicine without supervision endroconologist,18,1
286,234,71,appreciate lithium although thyroid level low supplement helps equalize problem i039ve least 20 different medications stabilize bipolar diagnosis always wanted normal state mind lithium allowed equally yoked 300mg er evening 100mg seroquel evening 20mg cymbalta morning i039m set i039m feeling anxiety add busper loranzapam,27,10
287,249,77,i039ve taking oxycodone roughly 5 yearsi039ve gone weekends without i039ve ran never experienced withdrawal symptoms works great take exactly need don039t exceed prescribed amount take early i039ve living chronic pain yearshave complete joint replacement one side anchor placed side jaw surgeries help immensely i039ll still always pain taking dosage 10mg 3x day 5 years yes body used effects doesn039t work well works well enough refuse take higher dosage pills per day becausewell let039s face itthis medicine scarey,24,8
288,200,24,husband age 63 problems benign prostate hyperplasia erectile dysfunction well gone fantastic sex life one fading fast doctor put small daily dose 5 mg cialis holy smokes bigger harder 30 loving always powerful sex drive resigning watching fade away i039m clearing schedule action honestly feeling satisfied 25 ladies guy slowing push may much time clean house smiling lot,132,10
289,214,3,i039m 58 recently started medicine almost immediate relief vulvar dryness pain sure yet painful intercourse relieved looks optimistic many months intense pain medicine seem gooey even noticeable used really like far,128,9
290,259,63,medicine absolutely terrible three months using hair fallen much see scalp visibly it039s embarrassing stopped taking considering copper iud hormones,3,3
291,195,2,cat bite handfull set teeth sharp hand swelled red took augmentin 8 hours bitten within 3 days swelling went redness faded 6 years animal control officer never injured oncehelp friend pick cat local humane society get bittenoh irony excellent medicine cat bites friend tell dad got bitten cat ended hospital almost died infection lucky experience knew seek medical attention immediately anyone bitten cat know 85 chance infection need take seriously you039ll end hospital,37,9
292,239,91,yes first use experience raw constant itching seemed get worse within hours applied cream lady parts talk wanting take cheese grater itchy fire parts take benadryl help itching vaginal insert cream wasn039t bad meltsand gets itchy inside lady cave speak first hour seemed calm lot shouldn039t waited long done something never thick discharge thought little irritated never yeast infection lord knows don039t ever want go product overall works,5,8
293,252,35,sex 7th august took plan b 23 hours intercourse haven039t gotten period yet i039m supposed due 20th august major side effect i039ve experiencing major amount tiredness exhaustion got home work day took pill went upstairs around 9pm sleep woke next day around 1pm wake extremely exhausted feet start get tired well also barely ever hungry anymore i039m 18 years old unusual teen hopefully period comes soon,26,9
294,189,30,ears ringing like crazy almost start break cry reading one guys experience best ringing everything went thru going thru stsrted exactly said tune cause think worse gets titinus csn become worst enemy keep reading testimonials read alot people took zanax seemed quite ringing zanax 05mg took also couldnt sleep next day woke slight ringing day progressed went completely away thank lordi truly believe oh condition thats related nrevous system cure,87,10
295,220,59,started prozac one first anti depressants mdd made horribly sick nauseous day wouldn039t eat days time stayed try get thorough side effects wouldn039t stop throwing every dayone day woke started violently shake lasted 12 hours ended hospital tachycardia horrible experience months later still stomach heart issues i039m new medications bad experience get anxious take,18,2
296,192,21,intake effexor xr 375 mg lorazepam depression anxiety doctor added abilify took mornings made foggy moved bertie sleep better overall noticed increase irritability equates feeling extremely angry 3 pm daily i039ve rearranged lorazepam reduce need time i039m also restlessness almost feels manic shall see increased cravings sweets,33,4
297,245,18,torn nuvaring convenience great daily time take pill month easily marked calender put phone never falls never feel changing simple would give nuvaring 10 10 based upon simplicity price really reasonable downsides personally first months notice side effects although low tolerance alcohol nuvaring emotional tired strung time pill none happened also longer periods it039s worth try every girl seems different experience,0,5
298,258,28,i039m 30 years old started really bad skin 2 years ago maybe stress life tried everything get rid got worse finally went dermatologist put spironolactone skin started getting better two weeks loved i039ve taking 6 months get compliments makeup artist models i039m hairstylist good skin another plus breasts went small b c decided stop taking week breasts went small skin getting little oily i039m going back take one day,31,9
299,221,11,i039ve suffered panic attacks anxiety years took paxil many years effectiveness waned hated weight gain sexual sideeffects came switched luvox starting 25mg worked miracles eventually move 50mg last two years 75mg adverse effects lifesaver eventually son diagnosed panic disorder certainly inherited much like inherited mother doctor tried luvox assumption genetic similarity similar diagnosis might treated medicine right son living anxietyfree panic attackfree lives,44,9
300,315,47,beauties beautiful even tho clearly high end super great price costume jewelry though others look twice since appear near real nice,0,10
301,298,47,great product great product got set mother allergic bijoux probably nickel products dont know sure know ears get swallowed red itchy unless silver goldbr im glad sterling silver still affordable price never got allergic reaction wears every day,0,10
302,284,47,exactly pictured daughters friend loved came packaged nice box exactly pictured daughters friend loved came packaged nice box thought looked expensive happy purchase,0,10
303,362,47,five stars love fits great super comfortable neat idea fish bones also come,0,10
304,285,47,mothers day gift mom loved really nice quality interesting design got mothers day gift mom loved really nice quality interesting design,0,10
305,305,47,five stars love make wont get another,0,10
306,338,47,five stars true size unique,0,10
307,370,47,five stars necklace beautifulis great accent wardrobe,0,10
308,320,47,five stars perfect,0,10
309,336,47,five stars love,0,10
310,350,47,high hopes epic fail didnt even last first day one stone already got two fell day im sad really looking forward,4,2
311,276,47,real nice necklace price real nice necklace price dont look strand larger diameter next advertised really nice necklace,0,10
312,333,47,amazing comfortable ring would definitely buy great ring konov,2,10
313,363,47,five stars great quality price,1,10
314,345,47,little smaller expected like bracelet lot really cute almost exactly expected wish little longer little snug even though fairly small wrists,1,8
315,273,47,pretty versatile pretty versatile wear dresses low cut allows bit modest especially appreciate continuous string wandering clasp ruin look,1,10
316,348,47,dont get like first time opened got broken dont get like first time opened got broken dont fit fingers,0,2
317,371,47,three stars expected took long ship price right necklace adjustable hangs low,1,6
318,349,47,four stars bought daughter cute bigger imagined would,0,8
319,325,47,five stars pretty comfortable wear,1,10
320,337,47,tell clara good ring great ring looks exactly like one capaldi wears body ready wear everyday life cosplay one problem kinda look weird bent fit finger big fingers metal easy bend still stiff cant notice shape wearing,5,8
321,302,47,son loved got son loved got gave look plugs maybe month getting one black piece dragon fell metal happy,0,4
322,314,47,beautiful pretty works really well diffusing scented oil happy purchase,0,10
323,369,47,four stars like much,0,8
324,364,47,five stars love ring,0,10
325,282,47,five stars great,0,10
326,344,47,five stars beautiful red color goes coral jewelry,0,10
327,354,47,five stars daughter loved,0,10
328,278,47,two stars dont like,0,4
329,340,47,one star bad quality sand mine bright pink hideous save money,0,2
330,331,47,bad really liked got 5101 brown came apart days bad really liked,0,4
331,279,47,really pretty received necklace quickly really cute stone pink sparkles different colors thing im worried necklace looks fragile 8 year old granddaughter rough playing around really pretty,0,8
332,280,47,like much cute like much,0,10
333,343,47,four stars daughter loves,0,8
334,304,47,two stars smaller expected,0,4
335,312,47,states item new states item new cant tell came little zip bag packaging,0,6
336,299,47,two stars broke wearings,0,4
337,341,47,love look cute much easier get used thought would loveeeeeeeee hit friends,2,10
338,291,47,four stars used one far looks nice neat,0,8
339,297,47,wonderful stunningly amazing beautiful love thanks much great price little big ring like ordered one smaller guess lol,1,10
340,335,47,bracelet fit properly bracelet fit properly actually reshape bracelet holder looked ugly box mention wrist size bracelet holder inside also oval shape take shape bracelet,1,6
341,324,47,great product bought key chain great product bought key chain came super early like 2 weeks early complaint pendants attached one ring planning using one still amazing product,0,10
342,287,47,four stars great fit color glassbottlegreen olivegreen good quality plugs,0,8
343,293,47,beautiful ring great quality never tried purchased titanium jewelry darker anticipated deal breaker picture represents ring well quite pretty ring quite substantial hefty however slender fingers may need exchange thinner version overall like hope find right size fit many beautiful rings confident get looks best,1,8
344,296,47,four stars sizes ran small,0,8
345,334,47,worth money thought ordering gold received silver attractive enough keep however realized buying jewelry person preferable also want test patience necklace spent nearly hour untangling plan hang storage,0,2
346,319,47,pretty earringsthey nice shine pretty earringsthey nice shine arrived quickly cute little gift box,1,10
347,294,47,five stars gorgeous fits great,0,10
348,360,47,one star gift sept 2 hope fits bracelet sure yet,0,2
349,318,47,beautiful statement piece great quality great price first time ive ordered anything like amazon photos others posted reviews helped much nicer person photos dont justice heavy piece heavy right weight something many stones lighter would worried quality case price perfect probably even better expected stones lot sparkle hard get photo striking piecethe necklace varied shades blue could go many different blue clothing pieces go well something contrasting metal antique brass look looks like something youd find higher end boutique doubt great statement piece everyday special event look im glad took chance bought one awesome find cant say enough good things purchase dont think youll disappointed fun daisy also packed securely cute box bubble wrap inside arrived damage perfect condition,23,10
350,301,47,five stars beautiful intricate bead reminded vincent van goghs 34starry night34,0,10
351,342,47,dont waste money types wont let contact seller sodo buy wife put fell overnight n couldnt find little tiny pieces themit appears photo inserts longer stay placebut notdont waste money types rings,0,2
352,328,47,one wasnt enough adding charms one wasnt enough adding charms,1,10
353,367,47,five stars co workers complimented wore,0,10
354,316,47,five stars amazing,1,10
355,359,47,sparkly love necklace dainty sparkles catches light wear cross pendant pleased,0,10
356,303,47,one star small came chipped,0,2
357,274,47,two stars loved bracelet 725 actual size 65,1,4
358,357,47,good value chain missing immediately send one stones nice good value,0,8
359,306,47,four stars nice,0,8
360,309,47,five stars best choice outfit,0,10
361,281,47,five stars fast shipment great product,2,10
362,277,47,glad got put glad got put charms ordered day,0,10
363,283,47,four stars good,0,8
364,339,47,five stars beautiful bracelet love sparkles,0,10
365,358,47,bought silver gold versions couple months ago learned bought silver gold version earrings kept several months like thembr br lightweight comfortable dont interfere phone use things earsbr br classy fun wear professionally work meeting well dancing dressed basically versatile earring works outfits occasionsbr br lastly bit unique get compliments wear sum great earring would recommend hope helpful,5,10
366,326,47,four stars look great,0,8
367,365,47,two stars impressive,1,4
368,292,47,five stars beautiful bargain boot,0,10
369,322,47,five stars gift loved,1,10
370,352,47,spot ordered 6534 rose gold fits like dream highly recommend taking piece string measuring circumference wrist ordering tight large room slide arm inches forearm starts color great shiny screws tight love screws connected bracelet fear losing themtheyre small one complaint ordered ring also rose gold ring yellow gold may order see get better match highly recommend product engravings inside well made super fast shipping less 1 week,1,10
371,356,47,worth 36 price necklace worth looking something longer though double 3634 short keep wear dark tops gaudy would say understated elegance reasonable price,3,10
372,286,47,five stars small oh cute,0,10
373,330,47,five stars love red crab use daily get lot compliments,1,10
374,295,47,five stars better picture,0,10
375,313,47,big bold beautiful love birds love necklacebrooch large statement piece petite woman absolutely much fun love bling,0,10
376,288,47,perfect 10th year wedding anniversary gift chose 10th wedding anniversary gift wife birth stone diamond alexandrite pendant bit someone mentioned pendant smaller seems pictures wife prefers subtlety cant exactly tell heartshaped stone unless get close little surprises br br included chain necklace seems good quality quite thin clasp bit small first days giving help put tends longer fingernails releasing clasp little tough small issues though,0,10
377,353,47,two stars returned wife wanted picture didnt match product,0,4
378,275,47,one star painful put wear due strip plastic along cannula,0,2
379,329,47,love light hand yet sturdy love light hand yet sturdy enough use daily,2,10
380,332,47,five stars even better thought would,0,10
381,323,47,five stars happy item cute,0,10
382,317,47,five stars love,0,10
383,291,47,dont work never able use rings put rings slide around finger cannot get rings back knucklehowever stated listing,0,6
384,290,47,ring beautiful ring beautiful well made person looks spectacular stone size wanted looks like gorgeous white topaz however planning order ring keep mind stone quite large like bold jewelry would definitely recommend ring,0,10
385,310,47,perfect high enough quality wedding cute get pay cheaper ring perfect high enough quality wedding ring id recommend promise ring birthday gift,0,8
386,347,47,pretty came earlier expected pretty came earlier expected love,0,10
387,346,47,decent twists broke liked chain overall got nice simple functioned well one thing noticed wore tendency twist something pendant etc reason 1 star review month half lightly pulling two parts get untwist broke nice enough chain lasts month half broken light pulling bare hands maybe best quality,2,2
388,366,47,three stars arrived broken one stones looks cheap,0,6
389,308,47,pretty price purchased silver bracelet like first liked much went back ordered gold one,0,10
390,289,47,better expected know say really impressed ring price great shiny sparkles great looks like real thingbr great vacations thanks much,2,10
391,311,47,double initial necklace really like quality necklace complaint keep twisting together constantly untwisting,3,8
392,327,47,one star turn nasty 2 nd day,0,2
393,355,47,five stars wife happy,0,10
394,300,47,disappointingdangerous workmanship rings arrived velvet pouch alcohol swab cleaning nice however one use stones started falling able catch pull super glue place lost disappointing also disappointing find injured first use nipples sore thought used properly handling rings looking closely noticed metal tags ends rings ended cutting skin heavy duty file home able get file tagsbr look really nice stones,1,4
395,307,47,really like ring got married weeks ago really like ring fiancee scoured around 15 different jewelry shops look wedding bands noticed mens bands made alternative metals good shops range 250300 dollars thats already huge difference youd pay white gold platinum ring however alternative metal bands displayed shops size 10 standard display size given rings couldnt resized told would wait 1 2 weeks order thembr br thats started check rings online really wanted clean beveled cobalt ring ring cavalier looks good ive seen shops price unbelievable prefer cobalt tungsten brighter look almost resembles white gold ring nice texture kinda play often gollum played ring also quite like fact word inside ring 34cobalt34 none fancy phrases 34brute34 etc huge brand name youll find ringsbr br please keep good work cavalier jewelers,2,10
396,368,47,cute awesome price,0,10
397,361,47,five stars love,0,10
398,351,47,beware pair see says one piece shouldnt show pairvery misleading wants one,0,2
399,321,47,four stars nice rather large got many compliments,0,8
400,421,47,buy really didnt start wear may 2016 junk falling apart outer sole thin although wear almost completely house rugs inner padding showing heel previous pair company lasted 5 years threw im sorry didnt wear often first got would returned immediately,0,2
401,455,47,super flip flop provides great cushion well archsupport,0,10
402,384,47,great clutch purse perfect need something small cell phone items,0,8
403,466,47,badass getting u see,0,10
404,433,47,three stars small,0,6
405,417,47,five stars 13 year old son loved shoes excellent quality service time birthday,1,10
406,412,47,finally cushion write ok searching shoes replace shoes used wear crazy expensive wanna guess happy get sale helped lot honestly truly worth comfortable arch awesome cushioning number one issue fat woman 35 years working intensive care amazing love tongue super thin doesnt get way love lacing system needed little room shoe days works great days wish one inch lol looking amazing shoe cushioning smooth rocker bottom couldnt happier also introduced another friend worked icu many years bought adores yes little narrow side aware,1,10
407,432,47,good deal go full size went full size fit better kinda wide nonetheless love,0,8
408,372,47,would say boot good line work buy would say boot good line work buy pair every year,0,10
409,383,47,small size misleading,0,6
410,424,47,five stars shoes comfortable,0,10
411,408,47,five stars love sandals,0,10
412,462,47,four stars good quality shoes great casual business attire lots compliments,1,8
413,458,47,good shoes comfortable whole day school daughter really likes shoes comfortable fit wellthe black started fade already couple weeks still good shoes,0,10
414,457,47,two stars okay,1,4
415,443,47,love shoes love shoes perfect fit comfortable even walking concrete floors 10 hours look good feel sturdy excellent product amazing value,0,10
416,401,47,five stars good,0,10
417,447,47,three stars like go walk3 go walk textile hard,2,6
418,410,47,four stars kids love comfort great price,0,8
419,407,47,tissue paper thicker ripped tissue paper thicker ripped putting paid attention reviews,2,2
420,436,47,fit small return next size next size comfortable,0,8
421,456,47,cute comfy cute comfy,0,10
422,453,47,five stars absolutely love,0,10
423,388,47,never travel without sturdy great travel tote lots pockets back pocket unzips bottom place bag handle suitcase easy transport never travel without,0,10
424,438,47,great price comfortable little loose feet,0,8
425,428,47,five stars comfortable,0,10
426,470,47,four stars everithing good,0,8
427,387,47,love love bag saw boutique store 78 decided see amazon great price awesome wellmade bag w oodles pockets easy organization plus lovely color,0,10
428,430,47,nice shoes nice shoes little snug,0,6
429,399,47,four stars nice durability comfortable stylish,0,8
430,448,47,fit fine assume fault pair sketchers second pair ive bought left shoe fit well right left slightly loose first pair go walk sketchers bought fit fine assume fault lie left foot disappointed given price,0,4
431,442,47,satisfied customer flat feet large width 1st times bit snug uncomfortable wear times comfy casual shoes yet material made bamboo didnt help comfort first times wearing either,0,8
432,460,47,confortable thing liked tall boots lights confortable thing liked tall,0,10
433,395,47,one star expected would order,1,2
434,375,47,five stars second pair different color excellente,0,10
435,416,47,comfortable soft perfect slippers adorable soft inside love rubber sole comfortable size 8 read reviewers runs little larger size go size 6575 fits wonderfully,0,10
436,439,47,used yet brand new work great larger anticipated used yet brand new work great,2,10
437,426,47,returned pair asics returned pair asics cumulus okay ordered big fault really didnt like look much anyway got enough arch support personally width good wide foot im kind glad didnt order right size would probably kept much happier asics bought instead feel like im walking cloud shoes felt little stiff like cardboard,0,6
438,394,47,arch ankle support exellent arch ankle support critical type boot boots,1,10
439,385,47,wide width boots order 9c wide width received box shoes marked 9b went return told 9cs mismarked well narrow returning refund would suggest looking wide width,0,2
440,463,47,overall excellent boots love shoes got wear around town look cute comfortable added insoles add extra arch support long walking days overall excellent boots,0,10
441,391,47,five stars great luck brooks running shoes offer great stability effectively cushion feet,0,10
442,469,47,five stars nice,0,10
443,427,47,pleased fits expected fast delivery pleased,0,10
444,374,47,giant cheep cheep made china although advertised made america size big going back,0,2
445,468,47,five stars love ordered 12 size larger normalthey fit perfectgreat gym shoe,0,10
446,451,47,excellent style quality initially bought 11 exchange 12theyre fine usually wear 11 guess ran little small could style shoe rather dress oxford,0,10
447,420,47,great boot merrell great boots fit feel great wear everyday concrete floors third pair,3,10
448,467,47,five stars love shoes best hiking shoe ive ever,0,10
449,382,47,perfect sight seeing shoes love sandals cushioning comfortable yet attractive easy put,0,10
450,392,47,brooks makes great shoe great arch support fair didnt fit doesnt mean dont fit brooks makes great shoe great arch support,1,6
451,471,47,bit disappointing otherwise theyre good pair sunglasses theyre lot darker pictured backlit see tortoiseshell pattern otherwise look dark brown bit disappointing otherwise theyre good pair sunglasses look wellmade feel sturdy,0,8
452,389,47,five stars love bostons love finally made male flip flop great comfort,0,10
453,397,47,five stars happy purchase,0,10
454,444,47,fixed everything love,0,10
455,423,47,missing rhinestones small opening love sparkle bagafter one reasons purchasing however missing 2 rhinestone studs area missing studs quite noticeable reason purchase like large bagswhile size bag okay opening small disappointed thatbut oh well ordering online always hit miss,9,8
456,437,47,five stars perfect,0,10
457,461,47,four stars wife super excited first trip disney,0,8
458,386,47,top line quality exceptional colors happy shoes great colors many manny compliments love would recommend everyone,0,10
459,378,47,makes look cool like loooooove product much 603br makes look cool like superman,0,10
460,380,47,five stars love shoes comfortable,0,10
461,445,47,great little cheap canvas shoe walking biking whatever really love style shoe sturdy slip less bulky true sneaker pair yellow got greasy biking switched black theyre holding well comfortable seem like would survive run washing machine wanted clean happy purchase,0,10
462,435,47,five stars sweet,1,10
463,405,47,five stars excellent shoe great quality great price,1,10
464,452,47,may need inserts achieve correct fit add inserts back heel size 65 small ad size 7 big narrow heels inserts stick inside back shoe fit great,1,8
465,377,47,five stars terrific shoe reasonable price promptly delivered thanks,0,10
466,373,47,find need lace pretty tight keep toes rubbing composite boots typical timberland comfort heavy wear day find need lace pretty tight keep toes rubbing composite protective toe boot seem like good boot right box rule thumb get 1 year every 100 spend would guess roughly year soles start cracking also typical timberland boots work boots beat year quite honestly comfortable,0,8
467,446,47,five stars grandson sam loved couldnt wait try show cousins,0,10
468,441,47,five stars love,0,10
469,431,47,oakley always excellent quality glasses oakley always excellent quality glasses lenses nice strong green color cant seen worn,0,10
470,381,47,five stars perfect fit add another sole extra comfort,0,10
471,465,47,shoes far comfortable wedges ive ever put feet shoes far comfortable wedges ive ever put feet hate wearing heals love shoes black well,0,10
472,434,47,fantastic support comfortable day long ordered pair mother swollen feet loves shoes said theyre comfortable likes fact adjust strap needed fantastic support wears shoes day long raved much im ordering pair,0,10
473,449,47,based reviews decided order 9 fit perfect purchased sneaker stores white size 812 true closed shoe size 10 based reviews decided order 9 fit perfect measured feet ladies go measurements,0,10
474,396,47,three stars comfortable look,0,6
475,440,47,nice splash color nice shoe gives outfit pop color shoe wear periods time problem feet,0,6
476,415,47,giving blister extremely comfortable would go 12 size complaint shoes rub back heel giving blister extremely comfortable would go 12 size normally wear,0,8
477,425,47,love shoes love shoes comfortable shoe found trouble keep replace every months soles separate shoes maybe new balance could find kind glue brands use forth final pair unless quality control improves,0,6
478,404,47,comfortable husband shoes another colorbr every day walk 30min work workbr comfortable shoes,1,10
479,429,47,five stars described,0,10
480,406,47,nice especially price actually impressed little bag purchased mine coffee color shipping fastbr br every compartment zips nice keeping things main compartment son padding witch gives bag done structure helps protect ipad holds quite bit huge bag ipad mini fits nicely case room spare side pockets great iphone 5 fitted case iphone 6 would big many othe pockets would work nicelybr strap soft comfortable zippers smooth functional complaint lining little cheap bunch get waybr br usually carry fossil vera bradley bags got something different small,3,8
481,459,47,nice boots purchased short term protection floods nice boots purchased short term protection floods little hot southern weather perfect wear get cars buildings heavy rains,11,8
482,414,47,cute great product super cute wish around got married worried would hard see going lettering designs way fine could see without problem cant wait give brother soon wife wedding able purchase discount exchange honest review,2,10
483,393,47,purse pretty clasp hard open purse pretty clasp hard open disappointed purse,0,6
484,402,47,five stars comfortable fits like got great deal thanks amazon,0,10
485,400,47,comfortable size way small purchase read review small size ordered size 7 even though usually wear 75 8 however size 6 arrived home funny thing fits wearing shoes consequently tt way smaller expectedbr br besides size thing comfortable easy wear take considering buying one thing need notice rare part shoes lower common shoesbr br satisfied purchase gave 4 stars small size,0,8
486,379,47,great sneakers second pairs model gelkayano 21 fit expected always run 12 size small always order second pair model changes case next one happens every years great support narrow flat overprinting feet clock least 15 milesweek walking even used light hiking recently although bit rough still second pair box,1,10
487,411,47,love cushion nurse concrete day love cushion,1,8
488,403,47,universal traveling shoe far good far good bought 34one pair everything34 traveling shoe first month ownership first weeklong trip im really satisfied shoes hold shine well look good casual outfits pass dress shoes sizing seems run true dont special arch support issues cant make judgement attribute shoes super light weight yet seem sturdy real test see long last hopefully pair much better keens replaced,0,10
489,450,47,bit larger usual great comfort bought least half dozen pairs years love mold feet give great support wear year round pair however seemed bit larger toes sneaking top edge size always get never problem makes think need try shoes rather ordering online even ones bought many times,0,8
490,413,47,two stars attractive style although little wide,0,4
491,454,47,wrong sizing sized right,0,2
492,422,47,durable bought wear work worked greenhouse wet feet issue perfect made wet traction protected whole foot arrived one eyelet guard things broken annoying something cared complain however less month wearing began rip apart seams sort disappointing hoping would last bit longer maybe expecting much hope 35 pair shoes would last month,10,4
493,464,47,ok veri nice bootsbr go nothing specialbr material better,0,6
494,419,47,four stars expected excellent,0,8
495,418,47,five stars love wanted,10,10
496,409,47,four stars great,0,8
497,376,47,two stars strap along big toes causes pain toes,0,4
498,398,47,two stars toe uncomfortable,0,4
499,390,47,five stars love love love love,0,10
